{
  "roads": [
    {
      "xpoints": [0, 0.8453125, 0.86979, 0.8078],
      "ypoints": [1, 0.05, 0.05, 1],
      "npoints": 4,
      "doors" : "right"
    },
    {
      "xpoints": [0, 0.8453125, 0.8255208333333334, 0],
      "ypoints": [1.0, 0.05, 0.05, 0.5185185185185185],
      "npoints": 4,
      "doors" : "left"
    }
  ],
  "bus_stops": [
    {
      "xpoints": [0.7864583333333334, 0.8171875, 0.8765625, 0.8723958333333334],
      "ypoints": [
        0.24444444444444444,
        0.16944444444444445,
        0.16944444444444445,
        0.24444444444444444
      ],
      "npoints": 4
    }
  ]
}
